SQL> set lines 200
SQL> set pages 100
SQL> select to_char(sysdate, 'dd-mm-yyyy hh:mi:ss') from dual;

TO_CHAR(SYSDATE,'DD                                                                                                                                                                                     
-------------------                                                                                                                                                                                     
11-05-2021 07:45:40                                                                                                                                                                                     

SQL> insert into login_lab_bd values( 'Grunberg Edar-Albert', '335CC', 'Lab10', user, sysdate, null, null);

1 row created.

SQL> select * from login_lab_bd;

NUME_STUD                      GRUPA      LABORATOR  NUME_USER  DATA_IN   DATA_SF       DURATA                                                                                                          
------------------------------ ---------- ---------- ---------- --------- --------- ----------                                                                                                          
Grunberg Edar                  335CC      Lab3       SCOTT      16-MAR-21 16-MAR-21         93                                                                                                          
Grunberg Edar                  335CC      Lab3       SCOTT      16-MAR-21 16-MAR-21          3                                                                                                          
Grunberg Edar-Albert           335CC      Lab9       SCOTT      27-APR-21 27-APR-21        231                                                                                                          
Grunberg Edar-Albert           335CC      Lab6       SCOTT      06-APR-21 06-APR-21        122                                                                                                          
Grunberg Edar-Albert           335CC      Lab7       SCOTT      13-APR-21 13-APR-21        169                                                                                                          
Grunberg Edar-Albert           335CC      Lab4       SCOTT      23-MAR-21 23-MAR-21         83                                                                                                          
Grunberg Edar-Albert           335CC      Lab4       SCOTT      23-MAR-21 23-MAR-21          9                                                                                                          
Grunberg Edar-Albert           335CC      Lab5       SCOTT      30-MAR-21 30-MAR-21         74                                                                                                          
Grunberg Edar-Albert           335CC      Lab8       SCOTT      20-APR-21 20-APR-21        137                                                                                                          
Grunberg Edar-Albert           335CC      Lab10      SCOTT      11-MAY-21                                                                                                                               

10 rows selected.

SQL> select sum(durata) from login_lab_bd;

SUM(DURATA)                                                                                                                                                                                             
-----------                                                                                                                                                                                             
        921                                                                                                                                                                                             

SQL> select sum(durata)/60 from login_lab_bd;

SUM(DURATA)/60                                                                                                                                                                                          
--------------                                                                                                                                                                                          
         15.35                                                                                                                                                                                          

SQL> select sum(durata)/60 from login_lab_bd;

SUM(DURATA)/60                                                                                                                                                                                          
--------------                                                                                                                                                                                          
         15.35                                                                                                                                                                                          

SQL> select sum(durata)/60 from login_lab_bd;

SUM(DURATA)/60                                                                                                                                                                                          
--------------                                                                                                                                                                                          
         15.35                                                                                                                                                                                          

SQL> select sum(durata)/60 from login_lab_bd;

SUM(DURATA)/60                                                                                                                                                                                          
--------------                                                                                                                                                                                          
         15.35                                                                                                                                                                                          

SQL> select sum(durata)/60 from login_lab_bd;

SUM(DURATA)/60                                                                                                                                                                                          
--------------                                                                                                                                                                                          
         15.35                                                                                                                                                                                          

SQL> @D:\spools\laborator10.sql

Table created.


Table dropped.

SQL> @D:\spools\laborator10.sql

Table created.

 Name                                                                                                              Null?    Type
 ----------------------------------------------------------------------------------------------------------------- -------- ----------------------------------------------------------------------------
 ID_FIRMA                                                                                                          NOT NULL NUMBER(3)
 DEN_FIRMA                                                                                                                  VARCHAR2(20)


Table dropped.

SQL> @D:\spools\laborator10.sql

Table created.


Table created.


Table dropped.


Table dropped.

ERROR:
ORA-04043: object firme does not exist 


SQL> @D:\spools\laborator10.sql

Table created.


Table created.


Table dropped.

 Name                                                                                                              Null?    Type
 ----------------------------------------------------------------------------------------------------------------- -------- ----------------------------------------------------------------------------
 ID_FIRMA                                                                                                          NOT NULL NUMBER(3)
 DEN_FIRMA                                                                                                                  VARCHAR2(20)


Table altered.


Table altered.

 Name                                                                                                              Null?    Type
 ----------------------------------------------------------------------------------------------------------------- -------- ----------------------------------------------------------------------------
 ID_FIRMA                                                                                                                   NUMBER(3)
 DEN_FIRMA                                                                                                                  VARCHAR2(20)
 NR_ANGAJATI                                                                                                                NUMBER(4)


Table dropped.

SQL> @D:\spools\laborator10.sql

Table created.


Table created.


Table dropped.

 Name                                                                                                              Null?    Type
 ----------------------------------------------------------------------------------------------------------------- -------- ----------------------------------------------------------------------------
 ID_FIRMA                                                                                                          NOT NULL NUMBER(3)
 DEN_FIRMA                                                                                                                  VARCHAR2(20)


Table altered.


Table altered.

 Name                                                                                                              Null?    Type
 ----------------------------------------------------------------------------------------------------------------- -------- ----------------------------------------------------------------------------
 ID_FIRMA                                                                                                                   NUMBER(3)
 DEN_FIRMA                                                                                                                  VARCHAR2(20)
 NR_ANGAJATI                                                                                                                NUMBER(4)


Table dropped.

		select count(*)
		*
ERROR at line 6:
ORA-00921: unexpected end of SQL command 


SQL> @D:\spools\laborator10.sql

Table created.


Table created.


Table dropped.

 Name                                                                                                              Null?    Type
 ----------------------------------------------------------------------------------------------------------------- -------- ----------------------------------------------------------------------------
 ID_FIRMA                                                                                                          NOT NULL NUMBER(3)
 DEN_FIRMA                                                                                                                  VARCHAR2(20)


Table altered.


Table altered.

 Name                                                                                                              Null?    Type
 ----------------------------------------------------------------------------------------------------------------- -------- ----------------------------------------------------------------------------
 ID_FIRMA                                                                                                                   NUMBER(3)
 DEN_FIRMA                                                                                                                  VARCHAR2(20)
 NR_ANGAJATI                                                                                                                NUMBER(4)


Table dropped.


NUME_ANGAJ DEN_DEPARTAMEN HIREDATE  ANI_VECHIME                                                                                                                                                         
---------- -------------- --------- -----------                                                                                                                                                         
JAMES      SALES          03-DEC-81          39                                                                                                                                                         
MILLER     ACCOUNTING     23-JAN-82          39                                                                                                                                                         
FORD       RESEARCH       03-DEC-81          39                                                                                                                                                         

SQL> @D:\spools\laborator10.sql

Table created.


Table created.


Table dropped.

 Name                                                                                                              Null?    Type
 ----------------------------------------------------------------------------------------------------------------- -------- ----------------------------------------------------------------------------
 ID_FIRMA                                                                                                          NOT NULL NUMBER(3)
 DEN_FIRMA                                                                                                                  VARCHAR2(20)


Table altered.


Table altered.

 Name                                                                                                              Null?    Type
 ----------------------------------------------------------------------------------------------------------------- -------- ----------------------------------------------------------------------------
 ID_FIRMA                                                                                                                   NUMBER(3)
 DEN_FIRMA                                                                                                                  VARCHAR2(20)
 NR_ANGAJATI                                                                                                                NUMBER(4)


Table dropped.


NUME_ANGAJ DEN_DEPARTAMEN HIREDATE  ANI_VECHIME                                                                                                                                                         
---------- -------------- --------- -----------                                                                                                                                                         
JAMES      SALES          03-DEC-81          39                                                                                                                                                         
MILLER     ACCOUNTING     23-JAN-82          39                                                                                                                                                         
FORD       RESEARCH       03-DEC-81          39                                                                                                                                                         


NUME_ANGAJ DEN_DEPARTAMEN HIREDATE  ANI_VECHIME                                                                                                                                                         
---------- -------------- --------- -----------                                                                                                                                                         
JAMES      SALES          03-DEC-81          39                                                                                                                                                         
MILLER     ACCOUNTING     23-JAN-82          39                                                                                                                                                         
FORD       RESEARCH       03-DEC-81          39                                                                                                                                                         

SQL> @D:\spools\laborator10.sql

Table created.


Table created.


Table dropped.

 Name                                                                                                              Null?    Type
 ----------------------------------------------------------------------------------------------------------------- -------- ----------------------------------------------------------------------------
 ID_FIRMA                                                                                                          NOT NULL NUMBER(3)
 DEN_FIRMA                                                                                                                  VARCHAR2(20)


Table altered.


Table altered.

 Name                                                                                                              Null?    Type
 ----------------------------------------------------------------------------------------------------------------- -------- ----------------------------------------------------------------------------
 ID_FIRMA                                                                                                                   NUMBER(3)
 DEN_FIRMA                                                                                                                  VARCHAR2(20)
 NR_ANGAJATI                                                                                                                NUMBER(4)


Table dropped.


NUME_ANGAJ DEN_DEPARTAMEN HIREDATE  ANI_VECHIME                                                                                                                                                         
---------- -------------- --------- -----------                                                                                                                                                         
JAMES      SALES          03-DEC-81          39                                                                                                                                                         
MILLER     ACCOUNTING     23-JAN-82          39                                                                                                                                                         
FORD       RESEARCH       03-DEC-81          39                                                                                                                                                         

		)
		*
ERROR at line 12:
ORA-00907: missing right parenthesis 


SP2-0042: unknown command ")" - rest of line ignored.
SQL> @D:\spools\laborator10.sql

Table created.


Table created.


Table dropped.

 Name                                                                                                              Null?    Type
 ----------------------------------------------------------------------------------------------------------------- -------- ----------------------------------------------------------------------------
 ID_FIRMA                                                                                                          NOT NULL NUMBER(3)
 DEN_FIRMA                                                                                                                  VARCHAR2(20)


Table altered.


Table altered.

 Name                                                                                                              Null?    Type
 ----------------------------------------------------------------------------------------------------------------- -------- ----------------------------------------------------------------------------
 ID_FIRMA                                                                                                                   NUMBER(3)
 DEN_FIRMA                                                                                                                  VARCHAR2(20)
 NR_ANGAJATI                                                                                                                NUMBER(4)


Table dropped.


NUME_ANGAJ DEN_DEPARTAMEN HIREDATE  ANI_VECHIME                                                                                                                                                         
---------- -------------- --------- -----------                                                                                                                                                         
JAMES      SALES          03-DEC-81          39                                                                                                                                                         
MILLER     ACCOUNTING     23-JAN-82          39                                                                                                                                                         
FORD       RESEARCH       03-DEC-81          39                                                                                                                                                         


Table created.

SQL> @D:\spools\laborator10.sql

Table created.


Table created.


Table dropped.

 Name                                                                                                              Null?    Type
 ----------------------------------------------------------------------------------------------------------------- -------- ----------------------------------------------------------------------------
 ID_FIRMA                                                                                                          NOT NULL NUMBER(3)
 DEN_FIRMA                                                                                                                  VARCHAR2(20)


Table altered.


Table altered.

 Name                                                                                                              Null?    Type
 ----------------------------------------------------------------------------------------------------------------- -------- ----------------------------------------------------------------------------
 ID_FIRMA                                                                                                                   NUMBER(3)
 DEN_FIRMA                                                                                                                  VARCHAR2(20)
 NR_ANGAJATI                                                                                                                NUMBER(4)


Table dropped.


NUME_ANGAJ DEN_DEPARTAMEN HIREDATE  ANI_VECHIME                                                                                                                                                         
---------- -------------- --------- -----------                                                                                                                                                         
JAMES      SALES          03-DEC-81          39                                                                                                                                                         
MILLER     ACCOUNTING     23-JAN-82          39                                                                                                                                                         
FORD       RESEARCH       03-DEC-81          39                                                                                                                                                         

create table ultimii_veniti as (
             *
ERROR at line 1:
ORA-00955: name is already used by an existing object 


 Name                                                                                                              Null?    Type
 ----------------------------------------------------------------------------------------------------------------- -------- ----------------------------------------------------------------------------
 NUME_ANGAJAT                                                                                                               VARCHAR2(10)
 DEN_DEPARTAMENT                                                                                                            VARCHAR2(14)
 HIREDATE                                                                                                                   DATE
 ANI_VECHIME                                                                                                                NUMBER

SQL> @D:\spools\laborator10.sql

Table created.


Table created.


Table dropped.

 Name                                                                                                              Null?    Type
 ----------------------------------------------------------------------------------------------------------------- -------- ----------------------------------------------------------------------------
 ID_FIRMA                                                                                                          NOT NULL NUMBER(3)
 DEN_FIRMA                                                                                                                  VARCHAR2(20)


Table altered.


Table altered.

 Name                                                                                                              Null?    Type
 ----------------------------------------------------------------------------------------------------------------- -------- ----------------------------------------------------------------------------
 ID_FIRMA                                                                                                                   NUMBER(3)
 DEN_FIRMA                                                                                                                  VARCHAR2(20)
 NR_ANGAJATI                                                                                                                NUMBER(4)


Table dropped.


NUME_ANGAJ DEN_DEPARTAMEN HIREDATE  ANI_VECHIME                                                                                                                                                         
---------- -------------- --------- -----------                                                                                                                                                         
JAMES      SALES          03-DEC-81          39                                                                                                                                                         
MILLER     ACCOUNTING     23-JAN-82          39                                                                                                                                                         
FORD       RESEARCH       03-DEC-81          39                                                                                                                                                         

create table ultimii_veniti as (
             *
ERROR at line 1:
ORA-00955: name is already used by an existing object 


 Name                                                                                                              Null?    Type
 ----------------------------------------------------------------------------------------------------------------- -------- ----------------------------------------------------------------------------
 NUME_ANGAJAT                                                                                                               VARCHAR2(10)
 DEN_DEPARTAMENT                                                                                                            VARCHAR2(14)
 HIREDATE                                                                                                                   DATE
 ANI_VECHIME                                                                                                                NUMBER


NUME_ANGAJ DEN_DEPARTAMEN HIREDATE  ANI_VECHIME                                                                                                                                                         
---------- -------------- --------- -----------                                                                                                                                                         
JAMES      SALES          03-DEC-81          39                                                                                                                                                         
MILLER     ACCOUNTING     23-JAN-82          39                                                                                                                                                         
FORD       RESEARCH       03-DEC-81          39                                                                                                                                                         


Table dropped.

SQL> @D:\spools\laborator10.sql

Table created.


Table created.


Table dropped.

 Name                                                                                                              Null?    Type
 ----------------------------------------------------------------------------------------------------------------- -------- ----------------------------------------------------------------------------
 ID_FIRMA                                                                                                          NOT NULL NUMBER(3)
 DEN_FIRMA                                                                                                                  VARCHAR2(20)


Table altered.


Table altered.

 Name                                                                                                              Null?    Type
 ----------------------------------------------------------------------------------------------------------------- -------- ----------------------------------------------------------------------------
 ID_FIRMA                                                                                                                   NUMBER(3)
 DEN_FIRMA                                                                                                                  VARCHAR2(20)
 NR_ANGAJATI                                                                                                                NUMBER(4)


Table dropped.


NUME_ANGAJ DEN_DEPARTAMEN HIREDATE  ANI_VECHIME                                                                                                                                                         
---------- -------------- --------- -----------                                                                                                                                                         
JAMES      SALES          03-DEC-81          39                                                                                                                                                         
MILLER     ACCOUNTING     23-JAN-82          39                                                                                                                                                         
FORD       RESEARCH       03-DEC-81          39                                                                                                                                                         


Table created.

 Name                                                                                                              Null?    Type
 ----------------------------------------------------------------------------------------------------------------- -------- ----------------------------------------------------------------------------
 NUME_ANGAJAT                                                                                                               VARCHAR2(10)
 DEN_DEPARTAMENT                                                                                                            VARCHAR2(14)
 HIREDATE                                                                                                                   DATE
 ANI_VECHIME                                                                                                                NUMBER


NUME_ANGAJ DEN_DEPARTAMEN HIREDATE  ANI_VECHIME                                                                                                                                                         
---------- -------------- --------- -----------                                                                                                                                                         
JAMES      SALES          03-DEC-81          39                                                                                                                                                         
MILLER     ACCOUNTING     23-JAN-82          39                                                                                                                                                         
FORD       RESEARCH       03-DEC-81          39                                                                                                                                                         


Table dropped.


       MGR                                                                                                                                                                                              
----------                                                                                                                                                                                              
      7698                                                                                                                                                                                              

SQL> @D:\spools\laborator10.sql

Table created.


Table created.


Table dropped.

 Name                                                                                                              Null?    Type
 ----------------------------------------------------------------------------------------------------------------- -------- ----------------------------------------------------------------------------
 ID_FIRMA                                                                                                          NOT NULL NUMBER(3)
 DEN_FIRMA                                                                                                                  VARCHAR2(20)


Table altered.


Table altered.

 Name                                                                                                              Null?    Type
 ----------------------------------------------------------------------------------------------------------------- -------- ----------------------------------------------------------------------------
 ID_FIRMA                                                                                                                   NUMBER(3)
 DEN_FIRMA                                                                                                                  VARCHAR2(20)
 NR_ANGAJATI                                                                                                                NUMBER(4)


Table dropped.


NUME_ANGAJ DEN_DEPARTAMEN HIREDATE  ANI_VECHIME                                                                                                                                                         
---------- -------------- --------- -----------                                                                                                                                                         
JAMES      SALES          03-DEC-81          39                                                                                                                                                         
MILLER     ACCOUNTING     23-JAN-82          39                                                                                                                                                         
FORD       RESEARCH       03-DEC-81          39                                                                                                                                                         


Table created.

 Name                                                                                                              Null?    Type
 ----------------------------------------------------------------------------------------------------------------- -------- ----------------------------------------------------------------------------
 NUME_ANGAJAT                                                                                                               VARCHAR2(10)
 DEN_DEPARTAMENT                                                                                                            VARCHAR2(14)
 HIREDATE                                                                                                                   DATE
 ANI_VECHIME                                                                                                                NUMBER


NUME_ANGAJ DEN_DEPARTAMEN HIREDATE  ANI_VECHIME                                                                                                                                                         
---------- -------------- --------- -----------                                                                                                                                                         
JAMES      SALES          03-DEC-81          39                                                                                                                                                         
MILLER     ACCOUNTING     23-JAN-82          39                                                                                                                                                         
FORD       RESEARCH       03-DEC-81          39                                                                                                                                                         


Table dropped.


       MGR                                                                                                                                                                                              
----------                                                                                                                                                                                              
      7698                                                                                                                                                                                              


    DEPTNO                                                                                                                                                                                              
----------                                                                                                                                                                                              
        30                                                                                                                                                                                              

SQL> @D:\spools\laborator10.sql

Table created.


Table created.


Table dropped.

 Name                                                                                                              Null?    Type
 ----------------------------------------------------------------------------------------------------------------- -------- ----------------------------------------------------------------------------
 ID_FIRMA                                                                                                          NOT NULL NUMBER(3)
 DEN_FIRMA                                                                                                                  VARCHAR2(20)


Table altered.


Table altered.

 Name                                                                                                              Null?    Type
 ----------------------------------------------------------------------------------------------------------------- -------- ----------------------------------------------------------------------------
 ID_FIRMA                                                                                                                   NUMBER(3)
 DEN_FIRMA                                                                                                                  VARCHAR2(20)
 NR_ANGAJATI                                                                                                                NUMBER(4)


Table dropped.


NUME_ANGAJ DEN_DEPARTAMEN HIREDATE  ANI_VECHIME                                                                                                                                                         
---------- -------------- --------- -----------                                                                                                                                                         
JAMES      SALES          03-DEC-81          39                                                                                                                                                         
MILLER     ACCOUNTING     23-JAN-82          39                                                                                                                                                         
FORD       RESEARCH       03-DEC-81          39                                                                                                                                                         


Table created.

 Name                                                                                                              Null?    Type
 ----------------------------------------------------------------------------------------------------------------- -------- ----------------------------------------------------------------------------
 NUME_ANGAJAT                                                                                                               VARCHAR2(10)
 DEN_DEPARTAMENT                                                                                                            VARCHAR2(14)
 HIREDATE                                                                                                                   DATE
 ANI_VECHIME                                                                                                                NUMBER


NUME_ANGAJ DEN_DEPARTAMEN HIREDATE  ANI_VECHIME                                                                                                                                                         
---------- -------------- --------- -----------                                                                                                                                                         
JAMES      SALES          03-DEC-81          39                                                                                                                                                         
MILLER     ACCOUNTING     23-JAN-82          39                                                                                                                                                         
FORD       RESEARCH       03-DEC-81          39                                                                                                                                                         


Table dropped.


       MGR                                                                                                                                                                                              
----------                                                                                                                                                                                              
      7698                                                                                                                                                                                              


    DEPTNO                                                                                                                                                                                              
----------                                                                                                                                                                                              
        30                                                                                                                                                                                              

					having count() = (select max(count()) from emp c group by c.mgr)
					       *
ERROR at line 15:
ORA-00909: invalid number of arguments 


            having count() = (select max(count()) from emp c group by c.mgr)
                   *
ERROR at line 19:
ORA-00909: invalid number of arguments 


select * from ang_blake
              *
ERROR at line 1:
ORA-00942: table or view does not exist 


drop table ang_blake
           *
ERROR at line 1:
ORA-00942: table or view does not exist 


SQL> @D:\spools\laborator10.sql

Table created.


Table created.


Table dropped.

 Name                                                                                                              Null?    Type
 ----------------------------------------------------------------------------------------------------------------- -------- ----------------------------------------------------------------------------
 ID_FIRMA                                                                                                          NOT NULL NUMBER(3)
 DEN_FIRMA                                                                                                                  VARCHAR2(20)


Table altered.


Table altered.

 Name                                                                                                              Null?    Type
 ----------------------------------------------------------------------------------------------------------------- -------- ----------------------------------------------------------------------------
 ID_FIRMA                                                                                                                   NUMBER(3)
 DEN_FIRMA                                                                                                                  VARCHAR2(20)
 NR_ANGAJATI                                                                                                                NUMBER(4)


Table dropped.


NUME_ANGAJ DEN_DEPARTAMEN HIREDATE  ANI_VECHIME                                                                                                                                                         
---------- -------------- --------- -----------                                                                                                                                                         
JAMES      SALES          03-DEC-81          39                                                                                                                                                         
MILLER     ACCOUNTING     23-JAN-82          39                                                                                                                                                         
FORD       RESEARCH       03-DEC-81          39                                                                                                                                                         


Table created.

 Name                                                                                                              Null?    Type
 ----------------------------------------------------------------------------------------------------------------- -------- ----------------------------------------------------------------------------
 NUME_ANGAJAT                                                                                                               VARCHAR2(10)
 DEN_DEPARTAMENT                                                                                                            VARCHAR2(14)
 HIREDATE                                                                                                                   DATE
 ANI_VECHIME                                                                                                                NUMBER


NUME_ANGAJ DEN_DEPARTAMEN HIREDATE  ANI_VECHIME                                                                                                                                                         
---------- -------------- --------- -----------                                                                                                                                                         
JAMES      SALES          03-DEC-81          39                                                                                                                                                         
MILLER     ACCOUNTING     23-JAN-82          39                                                                                                                                                         
FORD       RESEARCH       03-DEC-81          39                                                                                                                                                         


Table dropped.


       MGR                                                                                                                                                                                              
----------                                                                                                                                                                                              
      7698                                                                                                                                                                                              


    DEPTNO                                                                                                                                                                                              
----------                                                                                                                                                                                              
        30                                                                                                                                                                                              

					having count() = (select max(count()) from emp c group by c.mgr)
					       *
ERROR at line 15:
ORA-00909: invalid number of arguments 



Table created.


NUME_ANGAJ DEN_DEPARTAMEN AN_ANGAJARE      VENIT ANI_VECHIME                                                                                                                                            
---------- -------------- ----------- ---------- -----------                                                                                                                                            
WARD       SALES                 1981       1750          40                                                                                                                                            
TURNER     SALES                 1981       1500          39                                                                                                                                            
ALLEN      SALES                 1981       1900          40                                                                                                                                            
JAMES      SALES                 1981        950          39                                                                                                                                            
BLAKE      SALES                 1981       2850          40                                                                                                                                            
MARTIN     SALES                 1981       2650          39                                                                                                                                            

6 rows selected.


Table dropped.

SQL> @D:\spools\laborator10.sql

Table created.


Table created.


Table dropped.

 Name                                                                                                              Null?    Type
 ----------------------------------------------------------------------------------------------------------------- -------- ----------------------------------------------------------------------------
 ID_FIRMA                                                                                                          NOT NULL NUMBER(3)
 DEN_FIRMA                                                                                                                  VARCHAR2(20)


Table altered.


Table altered.

 Name                                                                                                              Null?    Type
 ----------------------------------------------------------------------------------------------------------------- -------- ----------------------------------------------------------------------------
 ID_FIRMA                                                                                                                   NUMBER(3)
 DEN_FIRMA                                                                                                                  VARCHAR2(20)
 NR_ANGAJATI                                                                                                                NUMBER(4)


Table dropped.


NUME_ANGAJ DEN_DEPARTAMEN HIREDATE  ANI_VECHIME                                                                                                                                                         
---------- -------------- --------- -----------                                                                                                                                                         
JAMES      SALES          03-DEC-81          39                                                                                                                                                         
MILLER     ACCOUNTING     23-JAN-82          39                                                                                                                                                         
FORD       RESEARCH       03-DEC-81          39                                                                                                                                                         


Table created.

 Name                                                                                                              Null?    Type
 ----------------------------------------------------------------------------------------------------------------- -------- ----------------------------------------------------------------------------
 NUME_ANGAJAT                                                                                                               VARCHAR2(10)
 DEN_DEPARTAMENT                                                                                                            VARCHAR2(14)
 HIREDATE                                                                                                                   DATE
 ANI_VECHIME                                                                                                                NUMBER


NUME_ANGAJ DEN_DEPARTAMEN HIREDATE  ANI_VECHIME                                                                                                                                                         
---------- -------------- --------- -----------                                                                                                                                                         
JAMES      SALES          03-DEC-81          39                                                                                                                                                         
MILLER     ACCOUNTING     23-JAN-82          39                                                                                                                                                         
FORD       RESEARCH       03-DEC-81          39                                                                                                                                                         


Table dropped.


       MGR                                                                                                                                                                                              
----------                                                                                                                                                                                              
      7698                                                                                                                                                                                              


    DEPTNO                                                                                                                                                                                              
----------                                                                                                                                                                                              
        30                                                                                                                                                                                              


NUME_ANGAJ DEN_DEPARTAMEN AN_ANGAJARE      VENIT ANI_VECHIME                                                                                                                                            
---------- -------------- ----------- ---------- -----------                                                                                                                                            
WARD       SALES                 1981       1750          40                                                                                                                                            
TURNER     SALES                 1981       1500          39                                                                                                                                            
ALLEN      SALES                 1981       1900          40                                                                                                                                            
JAMES      SALES                 1981        950          39                                                                                                                                            
BLAKE      SALES                 1981       2850          40                                                                                                                                            
MARTIN     SALES                 1981       2650          39                                                                                                                                            

6 rows selected.


Table created.


NUME_ANGAJ DEN_DEPARTAMEN AN_ANGAJARE      VENIT ANI_VECHIME                                                                                                                                            
---------- -------------- ----------- ---------- -----------                                                                                                                                            
WARD       SALES                 1981       1750          40                                                                                                                                            
TURNER     SALES                 1981       1500          39                                                                                                                                            
ALLEN      SALES                 1981       1900          40                                                                                                                                            
JAMES      SALES                 1981        950          39                                                                                                                                            
BLAKE      SALES                 1981       2850          40                                                                                                                                            
MARTIN     SALES                 1981       2650          39                                                                                                                                            

6 rows selected.


Table dropped.

SQL> @D:\spools\laborator10.sql

Table created.


Table created.


Table dropped.

 Name                                                                                                              Null?    Type
 ----------------------------------------------------------------------------------------------------------------- -------- ----------------------------------------------------------------------------
 ID_FIRMA                                                                                                          NOT NULL NUMBER(3)
 DEN_FIRMA                                                                                                                  VARCHAR2(20)


Table altered.


Table altered.

 Name                                                                                                              Null?    Type
 ----------------------------------------------------------------------------------------------------------------- -------- ----------------------------------------------------------------------------
 ID_FIRMA                                                                                                                   NUMBER(3)
 DEN_FIRMA                                                                                                                  VARCHAR2(20)
 NR_ANGAJATI                                                                                                                NUMBER(4)


Table dropped.


NUME_ANGAJ DEN_DEPARTAMEN HIREDATE  ANI_VECHIME                                                                                                                                                         
---------- -------------- --------- -----------                                                                                                                                                         
JAMES      SALES          03-DEC-81          39                                                                                                                                                         
MILLER     ACCOUNTING     23-JAN-82          39                                                                                                                                                         
FORD       RESEARCH       03-DEC-81          39                                                                                                                                                         


Table created.

 Name                                                                                                              Null?    Type
 ----------------------------------------------------------------------------------------------------------------- -------- ----------------------------------------------------------------------------
 NUME_ANGAJAT                                                                                                               VARCHAR2(10)
 DEN_DEPARTAMENT                                                                                                            VARCHAR2(14)
 HIREDATE                                                                                                                   DATE
 ANI_VECHIME                                                                                                                NUMBER


NUME_ANGAJ DEN_DEPARTAMEN HIREDATE  ANI_VECHIME                                                                                                                                                         
---------- -------------- --------- -----------                                                                                                                                                         
JAMES      SALES          03-DEC-81          39                                                                                                                                                         
MILLER     ACCOUNTING     23-JAN-82          39                                                                                                                                                         
FORD       RESEARCH       03-DEC-81          39                                                                                                                                                         


Table dropped.


       MGR                                                                                                                                                                                              
----------                                                                                                                                                                                              
      7698                                                                                                                                                                                              


    DEPTNO                                                                                                                                                                                              
----------                                                                                                                                                                                              
        30                                                                                                                                                                                              


NUME_ANGAJ DEN_DEPARTAMEN AN_ANGAJARE      VENIT ANI_VECHIME                                                                                                                                            
---------- -------------- ----------- ---------- -----------                                                                                                                                            
WARD       SALES                 1981       1750          40                                                                                                                                            
TURNER     SALES                 1981       1500          39                                                                                                                                            
ALLEN      SALES                 1981       1900          40                                                                                                                                            
JAMES      SALES                 1981        950          39                                                                                                                                            
BLAKE      SALES                 1981       2850          40                                                                                                                                            
MARTIN     SALES                 1981       2650          39                                                                                                                                            

6 rows selected.


Table created.


NUME_ANGAJ DEN_DEPARTAMEN AN_ANGAJARE      VENIT ANI_VECHIME                                                                                                                                            
---------- -------------- ----------- ---------- -----------                                                                                                                                            
WARD       SALES                 1981       1750          40                                                                                                                                            
TURNER     SALES                 1981       1500          39                                                                                                                                            
ALLEN      SALES                 1981       1900          40                                                                                                                                            
JAMES      SALES                 1981        950          39                                                                                                                                            
BLAKE      SALES                 1981       2850          40                                                                                                                                            
MARTIN     SALES                 1981       2650          39                                                                                                                                            

6 rows selected.


Table dropped.


View created.


     EMPNO ENAME          DEPTNO                                                                                                                                                                        
---------- ---------- ----------                                                                                                                                                                        
      7521 WARD               30                                                                                                                                                                        
      7844 TURNER             30                                                                                                                                                                        
      7499 ALLEN              30                                                                                                                                                                        
      7900 JAMES              30                                                                                                                                                                        
      7698 BLAKE              30                                                                                                                                                                        
      7654 MARTIN             30                                                                                                                                                                        

6 rows selected.


View dropped.


Commit complete.


Rollback complete.


14 rows deleted.


no rows selected


Rollback complete.


     EMPNO ENAME      JOB              MGR HIREDATE         SAL       COMM     DEPTNO                                                                                                                   
---------- ---------- --------- ---------- --------- ---------- ---------- ----------                                                                                                                   
      7369 SMITH      CLERK           7902 17-DEC-80        800                    20                                                                                                                   
      7499 ALLEN      SALESMAN        7698 20-FEB-81       1600        300         30                                                                                                                   
      7521 WARD       SALESMAN        7698 22-FEB-81       1250        500         30                                                                                                                   
      7566 JONES      MANAGER         7839 02-APR-81       2975                    20                                                                                                                   
      7654 MARTIN     SALESMAN        7698 28-SEP-81       1250       1400         30                                                                                                                   
      7698 BLAKE      MANAGER         7839 01-MAY-81       2850                    30                                                                                                                   
      7782 CLARK      MANAGER         7839 09-JUN-81       2450                    10                                                                                                                   
      7788 SCOTT      ANALYST         7566 19-APR-87       3000                    20                                                                                                                   
      7839 KING       PRESIDENT            17-NOV-81       5000                    10                                                                                                                   
      7844 TURNER     SALESMAN        7698 08-SEP-81       1500          0         30                                                                                                                   
      7876 ADAMS      CLERK           7788 23-MAY-87       1100                    20                                                                                                                   
      7900 JAMES      CLERK           7698 03-DEC-81        950                    30                                                                                                                   
      7902 FORD       ANALYST         7566 03-DEC-81       3000                    20                                                                                                                   
      7934 MILLER     CLERK           7782 23-JAN-82       1300                    10                                                                                                                   

14 rows selected.


Role created.

grant insert, select, delete on emp to contabil1
                                       *
ERROR at line 1:
ORA-01917: user or role 'CONTABIL1' does not exist 



User created.

grant contabil1 to contab1
      *
ERROR at line 1:
ORA-01919: role 'CONTABIL1' does not exist 



User created.


User dropped.

drop table ultimii_veniti
           *
ERROR at line 1:
ORA-00942: table or view does not exist 


SQL> @D:\spools\laborator10.sql

Table created.


Table created.


Table dropped.

 Name                                                                                                              Null?    Type
 ----------------------------------------------------------------------------------------------------------------- -------- ----------------------------------------------------------------------------
 ID_FIRMA                                                                                                          NOT NULL NUMBER(3)
 DEN_FIRMA                                                                                                                  VARCHAR2(20)


Table altered.


Table altered.

 Name                                                                                                              Null?    Type
 ----------------------------------------------------------------------------------------------------------------- -------- ----------------------------------------------------------------------------
 ID_FIRMA                                                                                                                   NUMBER(3)
 DEN_FIRMA                                                                                                                  VARCHAR2(20)
 NR_ANGAJATI                                                                                                                NUMBER(4)


Table dropped.


NUME_ANGAJ DEN_DEPARTAMEN HIREDATE  ANI_VECHIME                                                                                                                                                         
---------- -------------- --------- -----------                                                                                                                                                         
JAMES      SALES          03-DEC-81          39                                                                                                                                                         
MILLER     ACCOUNTING     23-JAN-82          39                                                                                                                                                         
FORD       RESEARCH       03-DEC-81          39                                                                                                                                                         


Table created.

 Name                                                                                                              Null?    Type
 ----------------------------------------------------------------------------------------------------------------- -------- ----------------------------------------------------------------------------
 NUME_ANGAJAT                                                                                                               VARCHAR2(10)
 DEN_DEPARTAMENT                                                                                                            VARCHAR2(14)
 HIREDATE                                                                                                                   DATE
 ANI_VECHIME                                                                                                                NUMBER


NUME_ANGAJ DEN_DEPARTAMEN HIREDATE  ANI_VECHIME                                                                                                                                                         
---------- -------------- --------- -----------                                                                                                                                                         
JAMES      SALES          03-DEC-81          39                                                                                                                                                         
MILLER     ACCOUNTING     23-JAN-82          39                                                                                                                                                         
FORD       RESEARCH       03-DEC-81          39                                                                                                                                                         


Table dropped.


       MGR                                                                                                                                                                                              
----------                                                                                                                                                                                              
      7698                                                                                                                                                                                              


    DEPTNO                                                                                                                                                                                              
----------                                                                                                                                                                                              
        30                                                                                                                                                                                              


NUME_ANGAJ DEN_DEPARTAMEN AN_ANGAJARE      VENIT ANI_VECHIME                                                                                                                                            
---------- -------------- ----------- ---------- -----------                                                                                                                                            
WARD       SALES                 1981       1750          40                                                                                                                                            
TURNER     SALES                 1981       1500          39                                                                                                                                            
ALLEN      SALES                 1981       1900          40                                                                                                                                            
JAMES      SALES                 1981        950          39                                                                                                                                            
BLAKE      SALES                 1981       2850          40                                                                                                                                            
MARTIN     SALES                 1981       2650          39                                                                                                                                            

6 rows selected.


Table created.


NUME_ANGAJ DEN_DEPARTAMEN AN_ANGAJARE      VENIT ANI_VECHIME                                                                                                                                            
---------- -------------- ----------- ---------- -----------                                                                                                                                            
WARD       SALES                 1981       1750          40                                                                                                                                            
TURNER     SALES                 1981       1500          39                                                                                                                                            
ALLEN      SALES                 1981       1900          40                                                                                                                                            
JAMES      SALES                 1981        950          39                                                                                                                                            
BLAKE      SALES                 1981       2850          40                                                                                                                                            
MARTIN     SALES                 1981       2650          39                                                                                                                                            

6 rows selected.


Table dropped.


View created.


     EMPNO ENAME          DEPTNO                                                                                                                                                                        
---------- ---------- ----------                                                                                                                                                                        
      7521 WARD               30                                                                                                                                                                        
      7844 TURNER             30                                                                                                                                                                        
      7499 ALLEN              30                                                                                                                                                                        
      7900 JAMES              30                                                                                                                                                                        
      7698 BLAKE              30                                                                                                                                                                        
      7654 MARTIN             30                                                                                                                                                                        

6 rows selected.


View dropped.

SQL> @D:\spools\laborator10.sql

Table created.


Table created.


Table dropped.

 Name                                                                                                              Null?    Type
 ----------------------------------------------------------------------------------------------------------------- -------- ----------------------------------------------------------------------------
 ID_FIRMA                                                                                                          NOT NULL NUMBER(3)
 DEN_FIRMA                                                                                                                  VARCHAR2(20)


Table altered.


Table altered.

 Name                                                                                                              Null?    Type
 ----------------------------------------------------------------------------------------------------------------- -------- ----------------------------------------------------------------------------
 ID_FIRMA                                                                                                                   NUMBER(3)
 DEN_FIRMA                                                                                                                  VARCHAR2(20)
 NR_ANGAJATI                                                                                                                NUMBER(4)


Table dropped.


NUME_ANGAJ DEN_DEPARTAMEN HIREDATE  ANI_VECHIME                                                                                                                                                         
---------- -------------- --------- -----------                                                                                                                                                         
JAMES      SALES          03-DEC-81          39                                                                                                                                                         
MILLER     ACCOUNTING     23-JAN-82          39                                                                                                                                                         
FORD       RESEARCH       03-DEC-81          39                                                                                                                                                         


Table created.

 Name                                                                                                              Null?    Type
 ----------------------------------------------------------------------------------------------------------------- -------- ----------------------------------------------------------------------------
 NUME_ANGAJAT                                                                                                               VARCHAR2(10)
 DEN_DEPARTAMENT                                                                                                            VARCHAR2(14)
 HIREDATE                                                                                                                   DATE
 ANI_VECHIME                                                                                                                NUMBER


NUME_ANGAJ DEN_DEPARTAMEN HIREDATE  ANI_VECHIME                                                                                                                                                         
---------- -------------- --------- -----------                                                                                                                                                         
JAMES      SALES          03-DEC-81          39                                                                                                                                                         
MILLER     ACCOUNTING     23-JAN-82          39                                                                                                                                                         
FORD       RESEARCH       03-DEC-81          39                                                                                                                                                         


Table dropped.


       MGR                                                                                                                                                                                              
----------                                                                                                                                                                                              
      7698                                                                                                                                                                                              


    DEPTNO                                                                                                                                                                                              
----------                                                                                                                                                                                              
        30                                                                                                                                                                                              


NUME_ANGAJ DEN_DEPARTAMEN AN_ANGAJARE      VENIT ANI_VECHIME                                                                                                                                            
---------- -------------- ----------- ---------- -----------                                                                                                                                            
WARD       SALES                 1981       1750          40                                                                                                                                            
TURNER     SALES                 1981       1500          39                                                                                                                                            
ALLEN      SALES                 1981       1900          40                                                                                                                                            
JAMES      SALES                 1981        950          39                                                                                                                                            
BLAKE      SALES                 1981       2850          40                                                                                                                                            
MARTIN     SALES                 1981       2650          39                                                                                                                                            

6 rows selected.


Table created.


NUME_ANGAJ DEN_DEPARTAMEN AN_ANGAJARE      VENIT ANI_VECHIME                                                                                                                                            
---------- -------------- ----------- ---------- -----------                                                                                                                                            
WARD       SALES                 1981       1750          40                                                                                                                                            
TURNER     SALES                 1981       1500          39                                                                                                                                            
ALLEN      SALES                 1981       1900          40                                                                                                                                            
JAMES      SALES                 1981        950          39                                                                                                                                            
BLAKE      SALES                 1981       2850          40                                                                                                                                            
MARTIN     SALES                 1981       2650          39                                                                                                                                            

6 rows selected.


Table dropped.


View created.


Commit complete.


Rollback complete.


14 rows deleted.


no rows selected


Rollback complete.


     EMPNO ENAME      JOB              MGR HIREDATE         SAL       COMM     DEPTNO                                                                                                                   
---------- ---------- --------- ---------- --------- ---------- ---------- ----------                                                                                                                   
      7369 SMITH      CLERK           7902 17-DEC-80        800                    20                                                                                                                   
      7499 ALLEN      SALESMAN        7698 20-FEB-81       1600        300         30                                                                                                                   
      7521 WARD       SALESMAN        7698 22-FEB-81       1250        500         30                                                                                                                   
      7566 JONES      MANAGER         7839 02-APR-81       2975                    20                                                                                                                   
      7654 MARTIN     SALESMAN        7698 28-SEP-81       1250       1400         30                                                                                                                   
      7698 BLAKE      MANAGER         7839 01-MAY-81       2850                    30                                                                                                                   
      7782 CLARK      MANAGER         7839 09-JUN-81       2450                    10                                                                                                                   
      7788 SCOTT      ANALYST         7566 19-APR-87       3000                    20                                                                                                                   
      7839 KING       PRESIDENT            17-NOV-81       5000                    10                                                                                                                   
      7844 TURNER     SALESMAN        7698 08-SEP-81       1500          0         30                                                                                                                   
      7876 ADAMS      CLERK           7788 23-MAY-87       1100                    20                                                                                                                   
      7900 JAMES      CLERK           7698 03-DEC-81        950                    30                                                                                                                   
      7902 FORD       ANALYST         7566 03-DEC-81       3000                    20                                                                                                                   
      7934 MILLER     CLERK           7782 23-JAN-82       1300                    10                                                                                                                   

14 rows selected.


     EMPNO ENAME          DEPTNO                                                                                                                                                                        
---------- ---------- ----------                                                                                                                                                                        
      7521 WARD               30                                                                                                                                                                        
      7844 TURNER             30                                                                                                                                                                        
      7499 ALLEN              30                                                                                                                                                                        
      7900 JAMES              30                                                                                                                                                                        
      7698 BLAKE              30                                                                                                                                                                        
      7654 MARTIN             30                                                                                                                                                                        

6 rows selected.


View dropped.

SQL> @D:\spools\laborator10.sql

Table created.


Table created.


Table dropped.

 Name                                                                                                              Null?    Type
 ----------------------------------------------------------------------------------------------------------------- -------- ----------------------------------------------------------------------------
 ID_FIRMA                                                                                                          NOT NULL NUMBER(3)
 DEN_FIRMA                                                                                                                  VARCHAR2(20)


Table altered.


Table altered.

 Name                                                                                                              Null?    Type
 ----------------------------------------------------------------------------------------------------------------- -------- ----------------------------------------------------------------------------
 ID_FIRMA                                                                                                                   NUMBER(3)
 DEN_FIRMA                                                                                                                  VARCHAR2(20)
 NR_ANGAJATI                                                                                                                NUMBER(4)


Table dropped.


NUME_ANGAJ DEN_DEPARTAMEN HIREDATE  ANI_VECHIME                                                                                                                                                         
---------- -------------- --------- -----------                                                                                                                                                         
JAMES      SALES          03-DEC-81          39                                                                                                                                                         
MILLER     ACCOUNTING     23-JAN-82          39                                                                                                                                                         
FORD       RESEARCH       03-DEC-81          39                                                                                                                                                         


Table created.

 Name                                                                                                              Null?    Type
 ----------------------------------------------------------------------------------------------------------------- -------- ----------------------------------------------------------------------------
 NUME_ANGAJAT                                                                                                               VARCHAR2(10)
 DEN_DEPARTAMENT                                                                                                            VARCHAR2(14)
 HIREDATE                                                                                                                   DATE
 ANI_VECHIME                                                                                                                NUMBER


NUME_ANGAJ DEN_DEPARTAMEN HIREDATE  ANI_VECHIME                                                                                                                                                         
---------- -------------- --------- -----------                                                                                                                                                         
JAMES      SALES          03-DEC-81          39                                                                                                                                                         
MILLER     ACCOUNTING     23-JAN-82          39                                                                                                                                                         
FORD       RESEARCH       03-DEC-81          39                                                                                                                                                         


Table dropped.


       MGR                                                                                                                                                                                              
----------                                                                                                                                                                                              
      7698                                                                                                                                                                                              


    DEPTNO                                                                                                                                                                                              
----------                                                                                                                                                                                              
        30                                                                                                                                                                                              


NUME_ANGAJ DEN_DEPARTAMEN AN_ANGAJARE      VENIT ANI_VECHIME                                                                                                                                            
---------- -------------- ----------- ---------- -----------                                                                                                                                            
WARD       SALES                 1981       1750          40                                                                                                                                            
TURNER     SALES                 1981       1500          39                                                                                                                                            
ALLEN      SALES                 1981       1900          40                                                                                                                                            
JAMES      SALES                 1981        950          39                                                                                                                                            
BLAKE      SALES                 1981       2850          40                                                                                                                                            
MARTIN     SALES                 1981       2650          39                                                                                                                                            

6 rows selected.


Table created.


NUME_ANGAJ DEN_DEPARTAMEN AN_ANGAJARE      VENIT ANI_VECHIME                                                                                                                                            
---------- -------------- ----------- ---------- -----------                                                                                                                                            
WARD       SALES                 1981       1750          40                                                                                                                                            
TURNER     SALES                 1981       1500          39                                                                                                                                            
ALLEN      SALES                 1981       1900          40                                                                                                                                            
JAMES      SALES                 1981        950          39                                                                                                                                            
BLAKE      SALES                 1981       2850          40                                                                                                                                            
MARTIN     SALES                 1981       2650          39                                                                                                                                            

6 rows selected.


Table dropped.


View created.


Commit complete.


Rollback complete.


14 rows deleted.


no rows selected


Rollback complete.


     EMPNO ENAME      JOB              MGR HIREDATE         SAL       COMM     DEPTNO                                                                                                                   
---------- ---------- --------- ---------- --------- ---------- ---------- ----------                                                                                                                   
      7369 SMITH      CLERK           7902 17-DEC-80        800                    20                                                                                                                   
      7499 ALLEN      SALESMAN        7698 20-FEB-81       1600        300         30                                                                                                                   
      7521 WARD       SALESMAN        7698 22-FEB-81       1250        500         30                                                                                                                   
      7566 JONES      MANAGER         7839 02-APR-81       2975                    20                                                                                                                   
      7654 MARTIN     SALESMAN        7698 28-SEP-81       1250       1400         30                                                                                                                   
      7698 BLAKE      MANAGER         7839 01-MAY-81       2850                    30                                                                                                                   
      7782 CLARK      MANAGER         7839 09-JUN-81       2450                    10                                                                                                                   
      7788 SCOTT      ANALYST         7566 19-APR-87       3000                    20                                                                                                                   
      7839 KING       PRESIDENT            17-NOV-81       5000                    10                                                                                                                   
      7844 TURNER     SALESMAN        7698 08-SEP-81       1500          0         30                                                                                                                   
      7876 ADAMS      CLERK           7788 23-MAY-87       1100                    20                                                                                                                   
      7900 JAMES      CLERK           7698 03-DEC-81        950                    30                                                                                                                   
      7902 FORD       ANALYST         7566 03-DEC-81       3000                    20                                                                                                                   
      7934 MILLER     CLERK           7782 23-JAN-82       1300                    10                                                                                                                   

14 rows selected.


     EMPNO ENAME          DEPTNO                                                                                                                                                                        
---------- ---------- ----------                                                                                                                                                                        
      7521 WARD               30                                                                                                                                                                        
      7844 TURNER             30                                                                                                                                                                        
      7499 ALLEN              30                                                                                                                                                                        
      7900 JAMES              30                                                                                                                                                                        
      7698 BLAKE              30                                                                                                                                                                        
      7654 MARTIN             30                                                                                                                                                                        

6 rows selected.


View dropped.

create role contabil
            *
ERROR at line 1:
ORA-01921: role name 'CONTABIL' conflicts with another user or role name 


grant insert, select, delete on emp to contabil1
                                       *
ERROR at line 1:
ORA-01917: user or role 'CONTABIL1' does not exist 


create user contab1 identified by parolacontab1
            *
ERROR at line 1:
ORA-01920: user name 'CONTAB1' conflicts with another user or role name 


grant contabil1 to contab1
      *
ERROR at line 1:
ORA-01919: role 'CONTABIL1' does not exist 



User created.


User dropped.

SQL> @D:\spools\laborator10.sql

Table created.


Table created.


Table dropped.

 Name                                                                                                              Null?    Type
 ----------------------------------------------------------------------------------------------------------------- -------- ----------------------------------------------------------------------------
 ID_FIRMA                                                                                                          NOT NULL NUMBER(3)
 DEN_FIRMA                                                                                                                  VARCHAR2(20)


Table altered.


Table altered.

 Name                                                                                                              Null?    Type
 ----------------------------------------------------------------------------------------------------------------- -------- ----------------------------------------------------------------------------
 ID_FIRMA                                                                                                                   NUMBER(3)
 DEN_FIRMA                                                                                                                  VARCHAR2(20)
 NR_ANGAJATI                                                                                                                NUMBER(4)


Table dropped.


NUME_ANGAJ DEN_DEPARTAMEN HIREDATE  ANI_VECHIME                                                                                                                                                         
---------- -------------- --------- -----------                                                                                                                                                         
JAMES      SALES          03-DEC-81          39                                                                                                                                                         
MILLER     ACCOUNTING     23-JAN-82          39                                                                                                                                                         
FORD       RESEARCH       03-DEC-81          39                                                                                                                                                         


Table created.

 Name                                                                                                              Null?    Type
 ----------------------------------------------------------------------------------------------------------------- -------- ----------------------------------------------------------------------------
 NUME_ANGAJAT                                                                                                               VARCHAR2(10)
 DEN_DEPARTAMENT                                                                                                            VARCHAR2(14)
 HIREDATE                                                                                                                   DATE
 ANI_VECHIME                                                                                                                NUMBER


NUME_ANGAJ DEN_DEPARTAMEN HIREDATE  ANI_VECHIME                                                                                                                                                         
---------- -------------- --------- -----------                                                                                                                                                         
JAMES      SALES          03-DEC-81          39                                                                                                                                                         
MILLER     ACCOUNTING     23-JAN-82          39                                                                                                                                                         
FORD       RESEARCH       03-DEC-81          39                                                                                                                                                         


Table dropped.


       MGR                                                                                                                                                                                              
----------                                                                                                                                                                                              
      7698                                                                                                                                                                                              


    DEPTNO                                                                                                                                                                                              
----------                                                                                                                                                                                              
        30                                                                                                                                                                                              


NUME_ANGAJ DEN_DEPARTAMEN AN_ANGAJARE      VENIT ANI_VECHIME                                                                                                                                            
---------- -------------- ----------- ---------- -----------                                                                                                                                            
WARD       SALES                 1981       1750          40                                                                                                                                            
TURNER     SALES                 1981       1500          39                                                                                                                                            
ALLEN      SALES                 1981       1900          40                                                                                                                                            
JAMES      SALES                 1981        950          39                                                                                                                                            
BLAKE      SALES                 1981       2850          40                                                                                                                                            
MARTIN     SALES                 1981       2650          39                                                                                                                                            

6 rows selected.


Table created.


NUME_ANGAJ DEN_DEPARTAMEN AN_ANGAJARE      VENIT ANI_VECHIME                                                                                                                                            
---------- -------------- ----------- ---------- -----------                                                                                                                                            
WARD       SALES                 1981       1750          40                                                                                                                                            
TURNER     SALES                 1981       1500          39                                                                                                                                            
ALLEN      SALES                 1981       1900          40                                                                                                                                            
JAMES      SALES                 1981        950          39                                                                                                                                            
BLAKE      SALES                 1981       2850          40                                                                                                                                            
MARTIN     SALES                 1981       2650          39                                                                                                                                            

6 rows selected.


Table dropped.


View created.


Commit complete.


Rollback complete.


14 rows deleted.


no rows selected


Rollback complete.


     EMPNO ENAME      JOB              MGR HIREDATE         SAL       COMM     DEPTNO                                                                                                                   
---------- ---------- --------- ---------- --------- ---------- ---------- ----------                                                                                                                   
      7369 SMITH      CLERK           7902 17-DEC-80        800                    20                                                                                                                   
      7499 ALLEN      SALESMAN        7698 20-FEB-81       1600        300         30                                                                                                                   
      7521 WARD       SALESMAN        7698 22-FEB-81       1250        500         30                                                                                                                   
      7566 JONES      MANAGER         7839 02-APR-81       2975                    20                                                                                                                   
      7654 MARTIN     SALESMAN        7698 28-SEP-81       1250       1400         30                                                                                                                   
      7698 BLAKE      MANAGER         7839 01-MAY-81       2850                    30                                                                                                                   
      7782 CLARK      MANAGER         7839 09-JUN-81       2450                    10                                                                                                                   
      7788 SCOTT      ANALYST         7566 19-APR-87       3000                    20                                                                                                                   
      7839 KING       PRESIDENT            17-NOV-81       5000                    10                                                                                                                   
      7844 TURNER     SALESMAN        7698 08-SEP-81       1500          0         30                                                                                                                   
      7876 ADAMS      CLERK           7788 23-MAY-87       1100                    20                                                                                                                   
      7900 JAMES      CLERK           7698 03-DEC-81        950                    30                                                                                                                   
      7902 FORD       ANALYST         7566 03-DEC-81       3000                    20                                                                                                                   
      7934 MILLER     CLERK           7782 23-JAN-82       1300                    10                                                                                                                   

14 rows selected.


     EMPNO ENAME          DEPTNO                                                                                                                                                                        
---------- ---------- ----------                                                                                                                                                                        
      7521 WARD               30                                                                                                                                                                        
      7844 TURNER             30                                                                                                                                                                        
      7499 ALLEN              30                                                                                                                                                                        
      7900 JAMES              30                                                                                                                                                                        
      7698 BLAKE              30                                                                                                                                                                        
      7654 MARTIN             30                                                                                                                                                                        

6 rows selected.


View dropped.

create role contabil
            *
ERROR at line 1:
ORA-01921: role name 'CONTABIL' conflicts with another user or role name 



Grant succeeded.

create user contab1 identified by parolacontab1
            *
ERROR at line 1:
ORA-01920: user name 'CONTAB1' conflicts with another user or role name 


grant contabil1 to contab1
      *
ERROR at line 1:
ORA-01919: role 'CONTABIL1' does not exist 



User created.


User dropped.

SQL> update login_lab_bd set data_sf= sysdate where laborator='Lab10';

1 row updated.

SQL> update login_lab_bd set durata= round((data_sf-data_in)*24*60) where laborator='Lab10';

1 row updated.

SQL> commit;

Commit complete.

SQL> select instance_number,instance_name, to_char(startup_time, 'dd-mm-yyyy hh:mi:ss'), host_name
  2  from v$instance;

INSTANCE_NUMBER INSTANCE_NAME    TO_CHAR(STARTUP_TIM HOST_NAME                                                                                                                                          
--------------- ---------------- ------------------- ----------------------------------------------------------------                                                                                   
              1 db19c            11-05-2021 07:27:28 DESKTOP-6QHO4BO                                                                                                                                    

SQL> select nume_stud, grupa, laborator, to_char(data_in, 'dd-mm-yyyy hh:mi:ss') data_inceput,
  2  to_char(data_sf, 'dd-mm-yyyy hh:mi:ss') data_sfarsit, durata minute_lucrate from login_lab_bd;

NUME_STUD                      GRUPA      LABORATOR  DATA_INCEPUT        DATA_SFARSIT        MINUTE_LUCRATE                                                                                             
------------------------------ ---------- ---------- ------------------- ------------------- --------------                                                                                             
Grunberg Edar                  335CC      Lab3       16-03-2021 10:06:42 16-03-2021 11:39:55             93                                                                                             
Grunberg Edar                  335CC      Lab3       16-03-2021 11:37:21 16-03-2021 11:39:55              3                                                                                             
Grunberg Edar-Albert           335CC      Lab9       27-04-2021 08:18:19 27-04-2021 12:09:22            231                                                                                             
Grunberg Edar-Albert           335CC      Lab6       06-04-2021 09:11:26 06-04-2021 11:13:37            122                                                                                             
Grunberg Edar-Albert           335CC      Lab7       13-04-2021 08:31:33 13-04-2021 11:20:09            169                                                                                             
Grunberg Edar-Albert           335CC      Lab4       23-03-2021 09:56:44 23-03-2021 11:19:56             83                                                                                             
Grunberg Edar-Albert           335CC      Lab4       23-03-2021 11:10:56 23-03-2021 11:19:56              9                                                                                             
Grunberg Edar-Albert           335CC      Lab5       30-03-2021 09:58:03 30-03-2021 11:11:52             74                                                                                             
Grunberg Edar-Albert           335CC      Lab8       20-04-2021 08:44:45 20-04-2021 11:02:05            137                                                                                             
Grunberg Edar-Albert           335CC      Lab10      11-05-2021 07:46:13 11-05-2021 11:03:21            197                                                                                             

10 rows selected.

SQL> spool off;
